{
  "cenario": "cifar10_blur",
  "dataset": "cifar10",
  "tecnicas": [
    "blur"
  ],
  "epochs": 25,
  "batch_size": 64,
  "concatenar": true,
  "tamanho_treino": 100000,
  "accuracy": 0.7966,
  "f1_macro": 0.7959149221111689,
  "f1_weighted": 0.7959149221111689,
  "test_loss": 0.6636067628860474
}