{
  "cenario": "fashion_baseline",
  "dataset": "fashion_mnist",
  "tecnicas": [],
  "epochs": 25,
  "batch_size": 64,
  "concatenar": true,
  "tamanho_treino": 60000,
  "accuracy": 0.8985,
  "f1_macro": 0.9007170779103946,
  "f1_weighted": 0.9007170779103946,
  "test_loss": 0.2997835576534271
}